County_ID,County,Total_Population,Below_Poverty,Total_Labor_Force,Unemployed,Less_Than_High_School,Poverty_Percent,Nonprofit_count,A,B,C,D,E,F,G,H,I,J,K,L,M,N,O,P,Q,R,S,T,U,V,W,X,Y,Z,Nonprofits_Per_1000,People_Per_Nonprofit,Unemployment_percent,Did_Not_Graduate_percent,Cluster,Needs_Score,Support_Gap_Score,Final_Score
53001,Adams County,20494,3384,8729,354,4199,20.5,183,7,9,2,8,7,0,1,0,0,0,9,1,6,15,15,4,0,1,12,4,0,0,3,12,1,1,8.929442763735727,111.98907103825135,4.055447359376791,20.48892358739143,0,1.260114256438474,-0.173001695439596,0.5435562804994389
53003,Asotin County,22209,1292,10373,597,3317,14.9,143,7,14,3,1,5,1,1,0,2,2,4,4,1,13,8,8,1,0,6,4,0,0,4,8,1,3,6.438831104507181,155.30769230769232,5.755326327966837,14.935386555000225,2,0.6188403537769331,0.542306006886397,0.580573180331665
53005,Benton County,208077,13696,100263,5018,23008,11.1,1000,66,106,19,23,32,9,1,0,11,13,6,12,10,101,17,57,5,3,40,24,3,0,18,76,7,2,4.805913195595861,208.077,5.004837277958968,11.057445080426955,2,-0.2968693686244192,1.4136701254241675,0.5584003783998741
53007,Chelan County,78619,7792,38313,1517,7085,9.0,653,48,73,13,13,17,6,1,1,4,10,10,8,8,67,16,44,16,8,26,17,3,0,9,34,7,4,8.305880257952913,120.39663093415008,3.959491556390781,9.011816482020889,1,-0.9493712070341136,-0.03417012197153546,-0.49177066450282453
53009,Clallam County,76325,4148,31372,1875,8225,10.8,591,57,53,30,26,15,9,0,0,8,2,5,8,7,54,20,32,2,3,22,14,2,0,9,26,4,9,7.743203406485424,129.1455160744501,5.976667091674105,10.77628562070095,2,-0.1121801083171561,0.11029765526210457,-0.0009412265275257625
53011,Clark County,506519,25196,260081,13501,42559,8.4,2191,108,263,41,64,58,29,16,5,16,24,29,34,16,150,93,178,31,12,76,114,5,0,38,213,11,18,4.325602790813376,231.1816522136011,5.191075088145617,8.402251445651594,1,-0.7603183934223671,1.795190478649515,0.517436042613574
53013,Columbia County,3955,339,1823,62,357,9.0,119,6,17,4,3,1,1,0,0,0,2,2,1,1,8,13,6,1,0,6,2,0,0,0,2,1,1,30.08849557522124,33.23529411764706,3.4009873834339004,9.026548672566372,1,-1.0858830094571894,-1.4734397418903356,-1.2796613756737625
53015,Cowlitz County,109961,7744,49301,2538,14294,13.0,562,27,50,11,18,10,7,2,0,5,4,2,2,12,43,24,44,1,4,18,13,0,0,12,41,6,0,5.11090295650276,195.66014234875445,5.147968601042575,12.999154245596166,2,0.1039297322447634,1.2086341926926916,0.6562819624687275
53017,Douglas County,43534,5092,21918,887,3444,7.9,301,12,31,4,9,6,3,1,0,3,2,8,4,2,23,5,19,2,0,10,9,1,0,6,13,2,3,6.914136077548583,144.6312292358804,4.046902089606716,7.911058023613728,1,-1.1371427145720476,0.3660086999761797,-0.385567007297934
53019,Ferry County,7253,443,2754,277,1131,15.6,104,7,9,2,8,1,3,2,0,0,1,4,0,2,11,6,7,0,0,7,1,0,0,4,3,2,1,14.3388942506549,69.74038461538461,10.058097312999276,15.593547497587204,3,1.8105337770037075,-0.8706418770940244,0.46994594995484157
53021,Franklin County,95326,12937,46555,2478,12414,13.0,412,16,44,4,11,8,1,4,0,3,3,8,2,4,30,24,23,2,3,16,9,1,0,8,37,5,4,4.322010784046325,231.373786407767,5.322736548168833,13.022680066298806,2,0.1493220161414451,1.7983631343098192,0.9738425752256321
53023,Garfield County,2292,115,972,73,247,10.8,175,9,16,3,2,5,2,1,0,2,3,3,4,1,14,13,11,1,0,7,4,0,0,2,9,1,4,76.35253054101223,13.097142857142858,7.510288065843622,10.776614310645725,3,0.2665507002343337,-1.8059751339483123,-0.7697122168569893
53025,Grant County,99494,11487,46921,2973,14884,15.0,510,19,45,8,14,16,1,4,0,3,4,18,5,6,53,23,27,0,0,20,9,0,0,4,31,10,6,5.125937242446781,195.086274509804,6.336182093305768,14.959696062074096,3,0.7741021081150402,1.1991580811893923,0.9866300946522162
53027,Grays Harbor County,73378,5310,32004,2115,10358,14.1,549,35,34,9,20,11,6,4,0,9,3,9,4,11,57,19,35,3,3,18,15,1,0,6,28,3,2,7.48180653601897,133.6575591985428,6.608548931383577,14.115947559213934,3,0.6754735780847662,0.1848037015144904,0.4301386397996283
53029,Island County,84156,2615,34853,1626,5875,7.0,564,53,45,28,28,7,2,1,2,3,5,13,9,4,50,15,32,3,2,21,16,1,1,16,27,12,3,6.701839441038072,149.2127659574468,4.665308581757667,6.981082751081324,1,-1.1585204830138494,0.44166227364468724,-0.35842910468458106
53031,Jefferson County,32792,1005,12816,983,4123,12.6,598,66,54,28,27,16,9,1,0,5,1,8,12,6,48,13,30,6,3,23,17,3,2,11,33,3,10,18.236155159795075,54.836120401337794,7.670099875156056,12.573188582581118,3,0.648152067284344,-1.1167516256822194,-0.23429977919893769
53033,King County,2231897,100241,1298935,58392,186954,8.4,14861,1447,1743,317,228,370,151,101,65,138,143,141,180,83,928,417,1047,315,138,598,904,142,20,196,1081,93,102,6.6584613895712925,150.18484624184106,4.495375057258447,8.376461817010373,1,-0.9345605124063048,0.4577139505986113,-0.23842328090384673
53035,Kitsap County,268801,9043,127169,6124,22299,8.3,1582,148,164,45,63,31,16,7,5,12,18,16,13,20,132,41,113,22,6,47,60,8,1,25,105,15,13,5.885394771596832,169.91213653603037,4.815639031524978,8.295728066487849,1,-0.8726714045888796,0.7834649158863514,-0.044603244351264115
53037,Kittitas County,42823,2011,22427,969,6130,14.3,523,39,46,13,23,12,8,1,0,2,6,8,7,11,52,31,27,4,2,22,16,1,0,7,23,9,1,12.213063073581957,81.87954110898661,4.320684888750168,14.31473740746795,2,0.1484640894971625,-0.6701915422229173,-0.2608637263628774
53039,Klickitat County,23035,1748,10530,504,3155,13.7,277,17,30,11,10,7,2,1,0,2,1,3,6,9,22,11,8,1,0,14,10,1,0,4,17,4,1,12.025179075320166,83.15884476534296,4.786324786324787,13.696548730193184,2,0.1475613463281476,-0.64906677573246,-0.2507527147021562
53041,Lewis County,82815,5729,37496,2219,10756,13.0,587,35,68,9,32,10,6,3,1,4,6,9,4,9,49,18,38,1,1,34,16,2,0,7,35,4,4,7.0880879067801725,141.0817717206133,5.917964582888842,12.987985268369256,2,0.2930043029731529,0.307397547881629,0.30020092542739096
53043,Lincoln County,11160,598,4863,267,1162,10.4,320,12,27,1,16,9,2,0,0,0,4,5,3,10,25,23,14,0,0,15,4,1,0,7,20,3,1,28.67383512544803,34.875,5.490438001233806,10.412186379928317,2,-0.3049356686944744,-1.44636375902604,-0.8756497138602573
53045,Mason County,65298,4129,27883,1842,8232,12.6,804,35,79,23,28,21,8,8,3,12,11,13,8,15,63,31,60,6,4,24,27,1,1,12,59,5,3,12.312781402186896,81.21641791044776,6.606175806046695,12.60681797298539,3,0.3886326085200953,-0.6811415013306997,-0.14625444640530222
53047,Okanogan County,42271,4331,19200,921,7827,18.5,456,27,46,22,15,10,1,2,1,0,7,8,4,9,44,12,32,3,2,22,9,1,0,8,18,6,5,10.78753755529796,92.69956140350877,4.796875,18.516240448534457,0,1.0652771055886847,-0.4915237169508519,0.2868766943189164
53049,Pacific County,23434,1701,9805,468,2709,11.6,247,25,18,5,9,5,5,0,1,2,0,8,4,5,16,4,13,1,0,13,9,0,0,3,12,2,3,10.54024067594094,94.8744939271255,4.773074961754207,11.560126312195957,2,-0.2587149080322625,-0.455609693360266,-0.35716230069626426
53051,Pend Oreille County,13623,567,5410,363,1853,13.6,191,12,25,2,12,4,1,1,0,1,3,4,0,5,15,5,12,2,0,7,5,0,0,3,22,0,0,14.020406665198562,71.32460732984293,6.709796672828096,13.601996623357556,3,0.6040195529292776,-0.8444820715267303,-0.12023125929872636
53053,Pierce County,903313,46564,461060,23124,80115,8.9,4743,274,623,64,102,79,46,23,11,35,49,57,70,51,335,137,360,66,25,157,199,16,3,99,457,35,38,5.250671694086103,190.4518237402488,5.015399297271505,8.869018822932913,1,-0.7117286425135915,1.1226307533482345,0.2054510554173215
53055,San Juan County,18048,671,8626,262,1892,10.5,504,46,66,22,18,11,4,4,1,4,2,9,10,9,28,15,30,5,4,18,34,6,0,9,16,3,5,27.92553191489361,35.80952380952381,3.037329005332715,10.483156028368796,1,-0.8944199721048331,-1.4309322411390433,-1.1626761066219382
53057,Skagit County,128609,8513,61052,2954,14887,11.6,1141,74,153,30,31,24,9,5,3,9,7,17,15,25,96,41,70,20,2,30,41,8,0,17,71,15,7,8.871851892169287,112.71603856266432,4.838498329293062,11.575395190072234,2,-0.2411082304919311,-0.16099749368259564,-0.20105286208726336
53059,Skamania County,12177,633,6092,348,1008,8.3,225,9,32,12,7,2,2,1,0,3,1,4,6,8,21,6,11,2,0,14,11,0,0,3,12,0,1,18.477457501847745,54.12,5.712409717662508,8.27790096082779,1,-0.6529251197417764,-1.1285767120736707,-0.8907509159077236
53061,Snohomish County,824873,39792,446558,19431,65003,7.9,4402,316,528,63,111,89,58,23,14,21,58,45,47,34,367,171,271,58,28,131,160,21,4,66,384,46,31,5.336579085507709,187.38596092685145,4.351282476184505,7.88036461370417,1,-1.0648995151759706,1.0720050588909402,0.0035527718574848155
53063,Spokane County,530313,19736,265672,14804,64956,12.2,3056,202,367,44,84,65,39,24,3,26,31,32,52,29,213,76,226,34,26,114,113,16,1,50,271,44,22,5.762634519613888,173.53174083769633,5.572284621638712,12.248615440315437,2,0.061202529079763,0.8432343813143854,0.4522184551970742
53065,Stevens County,47013,2680,19122,1006,6072,12.9,475,23,35,10,24,9,2,4,0,0,5,12,1,10,55,24,25,5,0,27,9,0,0,12,32,6,3,10.103588369174483,98.97473684210526,5.260955966949064,12.915576542658414,2,0.1143653166769665,-0.3879035833192792,-0.13676913332115637
53067,Thurston County,292670,11611,142830,7420,28292,9.7,1840,118,206,52,49,26,21,7,2,17,26,28,20,18,134,44,134,27,12,88,63,6,0,38,97,14,19,6.286944340041685,159.05978260869566,5.1949870475390325,9.666860286329312,1,-0.5153815279737718,0.6042631748081676,0.044440823417197906
53069,Wahkiakum County,4543,251,1589,42,714,15.7,297,20,26,3,6,8,6,1,0,4,3,3,2,4,19,6,27,1,2,6,9,0,0,5,25,1,0,65.37530266343826,15.296296296296296,2.643171806167401,15.71648690292758,0,0.0007605714217701,-1.7696611574752692,-0.8844502930267496
53071,Walla Walla County,57506,3942,28832,1590,6738,11.7,460,26,49,9,3,9,5,0,0,6,4,6,5,4,28,34,28,8,2,10,19,0,0,6,30,2,6,7.999165304489967,125.01304347826088,5.514705882352941,11.717038222098564,2,-0.0511464717166354,0.0420593459373679,-0.004543562889633753
53073,Whatcom County,223256,9462,118136,5604,28364,12.7,1590,126,182,40,57,33,18,2,5,9,18,28,12,18,117,42,98,26,6,57,66,6,2,28,139,18,17,7.121869065109113,140.4125786163522,4.743685244125414,12.70469774608521,2,-0.0524510252345426,0.296347358198905,0.12194816648218121
53075,Whitman County,41126,927,22502,922,9743,23.7,548,31,48,10,15,11,3,1,0,4,7,18,6,7,33,27,26,6,4,18,17,1,0,7,33,6,6,13.324903953703252,75.04744525547446,4.097413563238823,23.690609346885186,0,1.879462989072052,-0.7830079395096492,0.5482275247812014
53077,Yakima County,253339,36557,118525,8418,39074,15.4,1099,55,111,14,20,35,19,2,2,7,13,12,16,12,103,47,52,3,2,47,28,2,0,14,63,17,6,4.338060859164992,230.51774340309373,7.102299093018351,15.423602366789163,3,1.045459281705255,1.7842275469614508,1.4148434143333528
